-- tournament
insert into tournament (id, created, status, max_rounds, num_of_group_advancing) values (1, now(), 'FINISHED', 5, 5);

-- user
INSERT INTO "user" (id, activated, created, modified, username, country_id) VALUES (10, true, '2011-10-01 09:03:41', '2019-09-08 22:19:20.499', 'Kayz', 30);
INSERT INTO "user" (id, activated, created, modified, username, country_id) VALUES (7089, true, '2019-09-15 14:17:38.859', '2019-09-15 14:17:38.859', 'thewormsplayer', 1);
INSERT INTO "user" (id, activated, created, modified, username, country_id) VALUES (5, true, '2011-10-01 06:00:19', '2019-09-01 11:25:36.381', 'khamski', 61);
INSERT INTO "user" (id, activated, created, modified, username, country_id) VALUES (7167, true, '2020-10-29 21:36:52.36', '2020-10-29 21:36:52.36', 'Komito', 1);
INSERT INTO "user" (id, activated, created, modified, username, country_id) VALUES (52, true, '2002-01-01 00:00:00', '2019-09-01 18:31:06.015', 'MrTPenguin', 72);
INSERT INTO "user" (id, activated, created, modified, username, country_id) VALUES (6193, true, '2018-11-02 18:08:03', '2019-09-04 18:39:25.854', 'Sensei', 20);
INSERT INTO "user" (id, activated, created, modified, username, country_id) VALUES (238, true, '2013-10-20 20:28:23', '2013-10-20 20:28:23', 'DarkOne', 54);

-- game
INSERT INTO game (id, created, modified, tech_win, tournament_id, voided) VALUES (945, '2011-11-13 20:32:14', '2011-11-13 20:32:14', false, 1, false);
INSERT INTO game (id, created, modified, tech_win, tournament_id, voided) VALUES (960, '2013-10-14 19:25:08', '2013-10-14 19:25:08', false, 1, false);
INSERT INTO game (id, created, modified, tech_win, tournament_id, voided) VALUES (984, '2013-10-28 18:31:09', '2013-10-28 18:31:09', false, 1, false);
INSERT INTO game (id, created, modified, tech_win, tournament_id, voided) VALUES (991, '2013-11-11 20:04:41', '2013-11-11 20:04:41', false, 1, false);
INSERT INTO game (id, created, modified, tech_win, tournament_id, voided) VALUES (1032, '2014-10-12 18:54:52', '2014-10-12 18:54:52', false, 1, false);
INSERT INTO game (id, created, modified, tech_win, tournament_id, voided) VALUES (1041, '2014-10-14 19:14:53', '2014-10-14 19:14:53', false, 1, false);
INSERT INTO game (id, created, modified, tech_win, tournament_id, voided) VALUES (1045, '2014-10-18 22:24:14', '2014-10-18 22:24:14', false, 1, false);
INSERT INTO game (id, created, modified, tech_win, tournament_id, voided) VALUES (1049, '2014-10-19 19:10:48', '2014-10-19 19:10:48', false, 1, false);
INSERT INTO game (id, created, modified, tech_win, tournament_id, voided) VALUES (1051, '2014-10-19 22:31:33', '2014-10-19 22:31:33', false, 1, false);
INSERT INTO game (id, created, modified, tech_win, tournament_id, voided) VALUES (1053, '2014-10-21 20:03:13', '2014-10-21 20:03:13', false, 1, false);
INSERT INTO game (id, created, modified, tech_win, tournament_id, voided) VALUES (1061, '2014-10-26 20:51:16', '2014-10-26 20:51:16', false, 1, false);
INSERT INTO game (id, created, modified, tech_win, tournament_id, voided) VALUES (1062, '2014-10-26 21:53:24', '2014-10-26 21:53:24', false, 1, false);
INSERT INTO game (id, created, modified, tech_win, tournament_id, voided) VALUES (1063, '2014-10-27 20:48:32', '2014-10-27 20:48:32', false, 1, false);
INSERT INTO game (id, created, modified, tech_win, tournament_id, voided) VALUES (1065, '2014-10-29 21:13:58', '2014-10-29 21:13:58', false, 1, false);
INSERT INTO game (id, created, modified, tech_win, tournament_id, voided) VALUES (1069, '2014-11-10 00:13:23', '2014-11-10 00:13:23', false, 1, false);
INSERT INTO game (id, created, modified, tech_win, tournament_id, voided) VALUES (1070, '2014-11-02 20:53:59', '2014-11-02 20:53:59', false, 1, false);
INSERT INTO game (id, created, modified, tech_win, tournament_id, voided) VALUES (1071, '2014-11-08 20:48:13', '2014-11-08 20:48:13', false, 1, false);
INSERT INTO game (id, created, modified, tech_win, tournament_id, voided) VALUES (1072, '2014-11-09 21:12:53', '2014-11-09 21:12:53', false, 1, false);
INSERT INTO game (id, created, modified, tech_win, tournament_id, voided) VALUES (1073, '2014-11-21 16:42:32', '2014-11-21 16:42:32', false, 1, false);
INSERT INTO game (id, created, modified, tech_win, tournament_id, voided) VALUES (1074, '2014-11-16 20:03:07', '2014-11-16 20:03:07', false, 1, false);
INSERT INTO game (id, created, modified, tech_win, tournament_id, voided) VALUES (1075, '2014-11-03 23:13:01', '2014-11-03 23:13:01', false, 1, false);
INSERT INTO game (id, created, modified, tech_win, tournament_id, voided) VALUES (1076, '2014-11-04 20:54:01', '2014-11-04 20:54:01', false, 1, false);
INSERT INTO game (id, created, modified, tech_win, tournament_id, voided) VALUES (1077, '2014-11-18 21:55:37', '2014-11-18 21:55:37', false, 1, false);
INSERT INTO game (id, created, modified, tech_win, tournament_id, voided) VALUES (1078, '2014-11-13 19:56:02', '2014-11-13 19:56:02', false, 1, false);
INSERT INTO game (id, created, modified, tech_win, tournament_id, voided) VALUES (1079, '2014-11-16 23:27:49', '2014-11-16 23:27:49', false, 1, false);
INSERT INTO game (id, created, modified, tech_win, tournament_id, voided) VALUES (1080, '2014-12-07 20:35:22', '2014-12-07 20:35:22', false, 1, false);
INSERT INTO game (id, created, modified, tech_win, tournament_id, voided) VALUES (1081, '2014-11-30 17:46:37', '2014-11-30 17:46:37', false, 1, false);
INSERT INTO game (id, created, modified, tech_win, tournament_id, voided) VALUES (1082, '2014-11-22 21:01:34', '2014-11-22 21:01:34', false, 1, false);
INSERT INTO game (id, created, modified, tech_win, tournament_id, voided) VALUES (1083, '2014-12-19 21:09:25', '2014-12-19 21:09:25', false, 1, false);
INSERT INTO game (id, created, modified, tech_win, tournament_id, voided) VALUES (1084, '2014-12-23 22:26:28', '2014-12-23 22:26:28', false, 1, false);
INSERT INTO game (id, created, modified, tech_win, tournament_id, voided) VALUES (1087, '2015-10-14 20:56:04', '2015-10-14 20:56:04', false, 1, false);
INSERT INTO game (id, created, modified, tech_win, tournament_id, voided) VALUES (1090, '2015-10-16 20:30:35', '2015-10-16 20:30:35', false, 1, false);
INSERT INTO game (id, created, modified, tech_win, tournament_id, voided) VALUES (1103, '2015-10-19 20:00:09', '2015-10-19 20:00:09', false, 1, false);
INSERT INTO game (id, created, modified, tech_win, tournament_id, voided) VALUES (1116, '2015-10-24 19:00:51', '2015-10-24 19:00:51', false, 1, false);
INSERT INTO game (id, created, modified, tech_win, tournament_id, voided) VALUES (1124, '2015-11-01 21:52:36', '2015-11-01 21:52:36', false, 1, false);
INSERT INTO game (id, created, modified, tech_win, tournament_id, voided) VALUES (1125, '2015-11-02 22:04:22', '2015-11-02 22:04:22', false, 1, false);
INSERT INTO game (id, created, modified, tech_win, tournament_id, voided) VALUES (1135, '2015-11-12 20:12:13', '2015-11-12 20:12:13', false, 1, false);
INSERT INTO game (id, created, modified, tech_win, tournament_id, voided) VALUES (1137, '2015-11-14 16:15:36', '2015-11-14 16:15:36', false, 1, false);
INSERT INTO game (id, created, modified, tech_win, tournament_id, voided) VALUES (1138, '2015-11-18 20:02:02', '2015-11-18 20:02:02', false, 1, false);
INSERT INTO game (id, created, modified, tech_win, tournament_id, voided) VALUES (1139, '2015-11-22 19:23:32', '2015-11-22 19:23:32', false, 1, false);
INSERT INTO game (id, created, modified, tech_win, tournament_id, voided) VALUES (1140, '2015-11-11 21:50:34', '2015-11-11 21:50:34', false, 1, false);
INSERT INTO game (id, created, modified, tech_win, tournament_id, voided) VALUES (1144, '2015-11-22 21:38:50', '2015-11-22 21:38:50', false, 1, false);
INSERT INTO game (id, created, modified, tech_win, tournament_id, voided) VALUES (1148, '2015-12-06 21:27:37', '2015-12-06 21:27:37', false, 1, false);
INSERT INTO game (id, created, modified, tech_win, tournament_id, voided) VALUES (1149, '2015-12-20 20:13:51', '2015-12-20 20:13:51', false, 1, false);
INSERT INTO game (id, created, modified, tech_win, tournament_id, voided) VALUES (1150, '2015-12-22 21:53:08', '2015-12-22 21:53:08', false, 1, false);
INSERT INTO game (id, created, modified, tech_win, tournament_id, voided) VALUES (1160, '2016-10-27 17:39:33', '2016-10-27 17:39:33', false, 1, false);
INSERT INTO game (id, created, modified, tech_win, tournament_id, voided) VALUES (1168, '2016-10-30 19:11:09', '2016-10-30 19:11:09', false, 1, false);
INSERT INTO game (id, created, modified, tech_win, tournament_id, voided) VALUES (1170, '2016-10-30 21:54:23', '2016-10-30 21:54:23', false, 1, false);
INSERT INTO game (id, created, modified, tech_win, tournament_id, voided) VALUES (1175, '2016-11-01 15:32:36', '2016-11-01 15:32:36', false, 1, false);
INSERT INTO game (id, created, modified, tech_win, tournament_id, voided) VALUES (1183, '2016-11-05 21:08:04', '2016-11-05 21:08:04', false, 1, false);
INSERT INTO game (id, created, modified, tech_win, tournament_id, voided) VALUES (1185, '2016-11-06 22:50:40', '2016-11-06 22:50:40', false, 1, false);
INSERT INTO game (id, created, modified, tech_win, tournament_id, voided) VALUES (1191, '2016-11-10 20:23:28', '2016-11-10 20:23:28', false, 1, false);
INSERT INTO game (id, created, modified, tech_win, tournament_id, voided) VALUES (1204, '2016-11-16 22:42:30', '2016-11-16 22:42:30', false, 1, false);
INSERT INTO game (id, created, modified, tech_win, tournament_id, voided) VALUES (1205, '2016-11-18 19:25:07', '2016-11-18 19:25:07', false, 1, false);
INSERT INTO game (id, created, modified, tech_win, tournament_id, voided) VALUES (1206, '2016-11-16 20:32:00', '2016-11-16 20:32:00', false, 1, false);
INSERT INTO game (id, created, modified, tech_win, tournament_id, voided) VALUES (1207, '2016-11-20 20:22:29', '2016-11-20 20:22:29', false, 1, false);
INSERT INTO game (id, created, modified, tech_win, tournament_id, voided) VALUES (1209, '2016-11-24 20:39:28', '2016-11-24 20:39:28', false, 1, false);
INSERT INTO game (id, created, modified, tech_win, tournament_id, voided) VALUES (1211, '2016-11-26 21:57:35', '2016-11-26 21:57:35', false, 1, false);
INSERT INTO game (id, created, modified, tech_win, tournament_id, voided) VALUES (1212, '2016-12-09 18:42:35', '2016-12-09 18:42:35', false, 1, false);
INSERT INTO game (id, created, modified, tech_win, tournament_id, voided) VALUES (1215, '2016-12-14 20:56:51', '2016-12-14 20:56:51', false, 1, false);
INSERT INTO game (id, created, modified, tech_win, tournament_id, voided) VALUES (1216, '2016-12-06 23:09:59', '2016-12-06 23:09:59', false, 1, false);
INSERT INTO game (id, created, modified, tech_win, tournament_id, voided) VALUES (1218, '2016-12-19 00:06:23', '2016-12-19 00:06:23', false, 1, false);
INSERT INTO game (id, created, modified, tech_win, tournament_id, voided) VALUES (1235, '2017-11-16 19:43:12', '2017-11-16 19:43:12', false, 1, false);
INSERT INTO game (id, created, modified, tech_win, tournament_id, voided) VALUES (1367, '2018-11-01 22:47:39', '2018-11-01 22:47:39', false, 1, false);
INSERT INTO game (id, created, modified, tech_win, tournament_id, voided) VALUES (1390, '2018-11-18 21:07:58', '2018-11-18 21:07:58', false, 1, false);
INSERT INTO game (id, created, modified, tech_win, tournament_id, voided) VALUES (1394, '2018-11-30 19:26:58', '2018-11-30 19:26:58', false, 1, false);
INSERT INTO game (id, created, modified, tech_win, tournament_id, voided) VALUES (1409, '2019-01-10 22:27:13', '2019-01-10 22:27:13', false, 1, false);
INSERT INTO game (id, created, modified, tech_win, tournament_id, voided) VALUES (1691, '2020-10-16 20:44:28.782', '2020-11-22 13:26:55.743', false, 1, false);
INSERT INTO game (id, created, modified, tech_win, tournament_id, voided) VALUES (1711, '2020-12-05 16:52:10.993', '2020-12-27 14:25:32.567', false, 1, false);
INSERT INTO game (id, created, modified, tech_win, tournament_id, voided) VALUES (1699, '2020-10-31 20:07:13.983', '2020-11-24 21:06:46.111', false, 1, false);
INSERT INTO game (id, created, modified, tech_win, tournament_id, voided) VALUES (1696, '2020-10-20 18:57:31.592', '2020-11-24 21:06:46.427', false, 1, false);
INSERT INTO game (id, created, modified, tech_win, tournament_id, voided) VALUES (1698, '2020-10-25 13:43:28.103', '2020-12-05 16:50:14.599', false, 1, false);
INSERT INTO game (id, created, modified, tech_win, tournament_id, voided) VALUES (1688, '2020-10-16 20:44:28.771', '2020-11-15 21:41:59.214', false, 1, false);
INSERT INTO game (id, created, modified, tech_win, tournament_id, voided) VALUES (1697, '2020-10-24 18:36:42.427', '2020-11-24 21:06:46.575', false, 1, false);
INSERT INTO game (id, created, modified, tech_win, tournament_id, voided) VALUES (1706, '2020-11-15 21:46:58.649', '2020-12-20 19:12:08.289', false, 1, false);
INSERT INTO game (id, created, modified, tech_win, tournament_id, voided) VALUES (1690, '2020-10-16 20:44:28.779', '2020-11-24 21:06:46.736', false, 1, false);
INSERT INTO game (id, created, modified, tech_win, tournament_id, voided) VALUES (1712, '2020-12-05 16:52:11.052', '2020-12-20 19:16:05.117', false, 1, false);
INSERT INTO game (id, created, modified, tech_win, tournament_id, voided) VALUES (1701, '2020-11-08 15:11:39.956', '2020-12-05 16:53:02.145', false, 1, false);
INSERT INTO game (id, created, modified, tech_win, tournament_id, voided) VALUES (1422, '2019-02-14 19:40:43', '2019-02-14 19:40:43', false, 1, false);
INSERT INTO game (id, created, modified, tech_win, tournament_id, voided) VALUES (1425, '2019-02-22 22:09:42', '2019-02-22 22:09:42', false, 1, false);
INSERT INTO game (id, created, modified, tech_win, tournament_id, voided) VALUES (1427, '2019-03-02 21:29:25', '2019-03-02 21:29:25', false, 1, false);

-- channel
INSERT INTO channel (id, user_id, title, display_name, type, profile_image_url, view_count, broadcaster_type, offline_image_url, login, description, modified, created, video_cursor, bot_auto_join) VALUES ('459387187', 7089, 'thewormsplayer', 'thewormsplayer', '', 'https://static-cdn.jtvnw.net/jtv_user_pictures/4e877108-6df8-41ce-984c-0408ff791a9f-profile_image-300x300.png', 13, '', '', 'thewormsplayer', '', '2019-09-15 14:19:41.121', '2019-09-15 14:19:41.118614', NULL, false);
INSERT INTO channel (id, user_id, title, display_name, type, profile_image_url, view_count, broadcaster_type, offline_image_url, login, description, modified, created, video_cursor, bot_auto_join) VALUES ('72322090', 7167, 'Komito8220', 'Komito8220', '', 'https://static-cdn.jtvnw.net/jtv_user_pictures/0408da6b-4bd5-4a01-b8cb-11549dd1d8f8-profile_image-300x300.png', 4976, 'affiliate', 'https://static-cdn.jtvnw.net/jtv_user_pictures/fda26f48ea3d1a87-channel_offline_image-1920x1080.jpeg', 'komito8220', 'I love playing games, making music, and my little floof :)', '2020-12-27 14:37:34.073', '2020-10-29 21:37:31.638185', 'eyJiIjpudWxsLCJhIjp7Ik9mZnNldCI6MzF9fQ', true);
INSERT INTO channel (id, user_id, title, display_name, type, profile_image_url, view_count, broadcaster_type, offline_image_url, login, description, modified, created, video_cursor, bot_auto_join) VALUES ('25468719', 238, 'D1''s streams suck', 'DocOne42', NULL, 'https://static-cdn.jtvnw.net/user-default-pictures/0ecbb6c3-fecb-4016-8115-aa467b7c36ed-profile_image-300x300.jpg', 362, NULL, NULL, 'docone42', NULL, '2020-11-14 11:50:21.328', '2019-08-20 22:38:28.229846', NULL, false);
INSERT INTO channel (id, user_id, title, display_name, type, profile_image_url, view_count, broadcaster_type, offline_image_url, login, description, modified, created, video_cursor, bot_auto_join) VALUES ('104501736', 6193, 'Sensei color TV', 'senseiofworms', '', 'https://static-cdn.jtvnw.net/jtv_user_pictures/ea3528da-2944-402f-8a40-0f93a226c0e9-profile_image-300x300.png', 17543, 'affiliate', 'https://static-cdn.jtvnw.net/jtv_user_pictures/4d5ae5f6-4d16-476a-ab52-b308176060e9-channel_offline_image-1920x1080.jpg', 'senseiofworms', 'Croatian''s finest.', '2020-11-14 11:50:21.543', '2019-09-05 12:56:07.505894', NULL, false);
INSERT INTO channel (id, user_id, title, display_name, type, profile_image_url, view_count, broadcaster_type, offline_image_url, login, description, modified, created, video_cursor, bot_auto_join) VALUES ('26027047', 5, 'KhamsTV', 'Khamski', NULL, 'https://static-cdn.jtvnw.net/jtv_user_pictures/khamski-profile_image-10dc902e62492108-300x300.jpeg', 11039, NULL, NULL, 'khamski', 'Kickass normal worms television with good quality and awesome commentators!', '2020-11-14 11:50:21.775', '2019-08-20 22:38:28.229846', NULL, false);
INSERT INTO channel (id, user_id, title, display_name, type, profile_image_url, view_count, broadcaster_type, offline_image_url, login, description, modified, created, video_cursor, bot_auto_join) VALUES ('77989017', 52, 'TV Penguin', 'MrTPenguin', NULL, 'https://static-cdn.jtvnw.net/jtv_user_pictures/mrtpenguin-profile_image-80e6c3b1141506ff-300x300.jpeg', 467, NULL, NULL, 'mrtpenguin', 'I play normal games of Worms Armageddon, mostly the intermediate scheme and mostly 1v1. I broadcast CWT and other significant games if the main broadcasters aren''t.', '2020-11-14 11:50:21.973', '2019-08-20 22:38:28.229846', 'eyJiIjpudWxsLCJhIjp7Ik9mZnNldCI6MTB9fQ', false);
INSERT INTO channel (id, user_id, title, display_name, type, profile_image_url, view_count, broadcaster_type, offline_image_url, login, description, modified, created, video_cursor, bot_auto_join) VALUES ('45204800', 10, 'Kayz'' TV', 'WormyKayz', NULL, 'https://static-cdn.jtvnw.net/jtv_user_pictures/wormykayz-profile_image-831bf59e2fde620f-300x300.jpeg', 2114, NULL, NULL, 'wormykayz', NULL, '2020-11-14 11:50:22.151', '2019-08-20 22:38:28.229846', NULL, false);

-- stream
INSERT INTO stream (id, user_id, channel_id, user_name, title, description, created_at, published_at, url, thumbnail_url, viewable, view_count, language, type, duration, game_id) VALUES ('103150487', '26027047', '26027047', 'Khamski', 'CWT''16 | PLAYOFFS | 1/8 STAGE | FANTOMAS - KAYZ', '', '2016-11-24T21:52:22Z', '2016-11-24T21:52:22Z', 'https://www.twitch.tv/videos/103150487', 'https://static-cdn.jtvnw.net/cf_vods/d2nvs31859zcd8/20aee4f4f4_khamski_23747394400_552883040//thumb/thumb103150487-%{width}x%{height}.jpg', 'public', 33, 'en', 'highlight', '2h27m56s', 1209);
INSERT INTO stream (id, user_id, channel_id, user_name, title, description, created_at, published_at, url, thumbnail_url, viewable, view_count, language, type, duration, game_id) VALUES ('103573247', '26027047', '26027047', 'Khamski', 'CWT''16 | PLAYOFFS | 1/4 STAGE | TADEUSZ - CHUVASH', '', '2016-11-26T22:06:35Z', '2016-11-26T22:06:35Z', 'https://www.twitch.tv/videos/103573247', 'https://static-cdn.jtvnw.net/cf_vods/d2nvs31859zcd8/c1a5777fe9_khamski_23766982416_554107291//thumb/thumb103573247-%{width}x%{height}.jpg', 'public', 28, 'en', 'highlight', '1h16m57s', 1211);
INSERT INTO stream (id, user_id, channel_id, user_name, title, description, created_at, published_at, url, thumbnail_url, viewable, view_count, language, type, duration, game_id) VALUES ('804138317', '72322090', '72322090', 'Komito8220', 'CWT 2020 - Playoffs (Final 16) | BoolC Vs LovEvilution | Intermediate Scheme | TTS - !say', '', '2020-11-15T17:08:04Z', '2020-11-15T17:08:04Z', 'https://www.twitch.tv/videos/804138317', 'https://static-cdn.jtvnw.net/cf_vods/d2nvs31859zcd8/52f4b692d7b534aea464_komito8220_40000476044_1605460074//thumb/thumb0-%{width}x%{height}.jpg', 'public', 40, 'en', 'archive', '1h11m6s', NULL);
INSERT INTO stream (id, user_id, channel_id, user_name, title, description, created_at, published_at, url, thumbnail_url, viewable, view_count, language, type, duration, game_id) VALUES ('104003364', '26027047', '26027047', 'Khamski', 'CWT''16 | PLAYOFFS | 1/4 STAGE | MASTER - TITA [EPISODE 1]', '', '2016-11-28T22:15:42Z', '2016-11-28T22:15:42Z', 'https://www.twitch.tv/videos/104003364', 'https://static-cdn.jtvnw.net/cf_vods/d2nvs31859zcd8/42863a3527_khamski_23786382608_555319803//thumb/thumb104003364-%{width}x%{height}.jpg', 'public', 40, 'en', 'highlight', '1h2m6s', 1212);
INSERT INTO stream (id, user_id, channel_id, user_name, title, description, created_at, published_at, url, thumbnail_url, viewable, view_count, language, type, duration, game_id) VALUES ('820151311', '72322090', '72322090', 'Komito8220', 'Highlight: CWT 2020 - Exhibition Match | Dario Vs. Chuvash | Intermediate Scheme | TTS - !say
', '', '2020-11-29T21:02:07Z', '2020-11-29T21:02:07Z', 'https://www.twitch.tv/videos/820151311', 'https://static-cdn.jtvnw.net/cf_vods/d2nvs31859zcd8/2499c1b1104450f328bf_komito8220_78491827518_1748116534/thumb/custom-f085e365-f4e8-46b2-b28f-16e96f14686b-%{width}x%{height}.jpeg', 'public', 0, 'en', 'highlight', '3h5m12s', NULL);
INSERT INTO stream (id, user_id, channel_id, user_name, title, description, created_at, published_at, url, thumbnail_url, viewable, view_count, language, type, duration, game_id) VALUES ('819944674', '72322090', '72322090', 'Komito8220', 'CWT 2020 - Exhibition Match | Dario Vs. Chuvash | Intermediate Scheme | TTS - !say
', '', '2020-11-29T17:53:53Z', '2020-11-29T17:53:53Z', 'https://www.twitch.tv/videos/819944674', 'https://static-cdn.jtvnw.net/cf_vods/d2nvs31859zcd8/98d3b9105f815d94dda8_komito8220_40176692476_1606672423//thumb/thumb0-%{width}x%{height}.jpg', 'public', 167, 'en', 'archive', '3h6m18s', NULL);
INSERT INTO stream (id, user_id, channel_id, user_name, title, description, created_at, published_at, url, thumbnail_url, viewable, view_count, language, type, duration, game_id) VALUES ('105754395', '26027047', '26027047', 'Khamski', 'CWT''16 | PLAYOFFS | SEMI FINAL | TADE - MABLAK', '', '2016-12-06T23:13:07Z', '2016-12-06T23:13:07Z', 'https://www.twitch.tv/videos/105754395', 'https://static-cdn.jtvnw.net/cf_vods/d2nvs31859zcd8/c1cdbac4b9_khamski_23859000624_559858044//thumb/thumb105754395-%{width}x%{height}.jpg', 'public', 69, 'en', 'highlight', '2h30m58s', 1216);
INSERT INTO stream (id, user_id, channel_id, user_name, title, description, created_at, published_at, url, thumbnail_url, viewable, view_count, language, type, duration, game_id) VALUES ('814519697', '72322090', '72322090', 'Komito8220', 'Highlight: CWT 2020 - Playoffs (Quarter Finals) | Kano Vs BoolC | Intermediate Scheme | TTS - !say
', '', '2020-11-24T21:04:23Z', '2020-11-24T21:04:23Z', 'https://www.twitch.tv/videos/814519697', 'https://static-cdn.jtvnw.net/cf_vods/d2nvs31859zcd8/74860fe88d15a1aa1703_komito8220_38958931383_8194146946/thumb/custom-f2ea9ce4-5ebb-41d1-8e81-e2c656f764b3-%{width}x%{height}.jpeg', 'public', 0, 'en', 'highlight', '2h10m48s', NULL);
INSERT INTO stream (id, user_id, channel_id, user_name, title, description, created_at, published_at, url, thumbnail_url, viewable, view_count, language, type, duration, game_id) VALUES ('826671386', '72322090', '72322090', 'Komito8220', 'Highlight: CWT 2020 - Playoffs (Semi Finals) | Tade Vs. PavelB | Intermediate Scheme | TTS - !say
', '', '2020-12-05T16:47:25Z', '2020-12-05T16:47:25Z', 'https://www.twitch.tv/videos/826671386', 'https://static-cdn.jtvnw.net/cf_vods/d2nvs31859zcd8/413cd63c8a05d92d1c15_komito8220_37962604020_8840445255/thumb/custom-78c541db-b9dd-4ee5-b6d8-3306ef6260d7-%{width}x%{height}.jpeg', 'public', 0, 'en', 'highlight', '3h47m3s', 1701);
INSERT INTO stream (id, user_id, channel_id, user_name, title, description, created_at, published_at, url, thumbnail_url, viewable, view_count, language, type, duration, game_id) VALUES ('42385908', '26027047', '26027047', 'Khamski', 'CWT''14. Fight for bronze. TerRor - Kayz', '...', '2014-12-23T13:03:36Z', '2014-12-23T13:03:35.662595Z', 'https://www.twitch.tv/videos/42385908', 'https://static-cdn.jtvnw.net/cf_vods/d2nvs31859zcd8/348e1b4eb3/khamski_12250100912_12250100912/thumb/thumb0-%{width}x%{height}.jpg', 'public', 20, 'en', 'highlight', '3h12m38s', 1083);
INSERT INTO stream (id, user_id, channel_id, user_name, title, description, created_at, published_at, url, thumbnail_url, viewable, view_count, language, type, duration, game_id) VALUES ('826486661', '72322090', '72322090', 'Komito8220', 'CWT 2020 - Playoffs (Semi Finals) | Tade Vs. PavelB | Intermediate Scheme | TTS - !say
', '', '2020-12-05T12:58:27Z', '2020-12-05T12:58:27Z', 'https://www.twitch.tv/videos/826486661', 'https://static-cdn.jtvnw.net/cf_vods/d2nvs31859zcd8/33f0f733eecf17b9ad3f_komito8220_40240363196_1607173096//thumb/thumb0-%{width}x%{height}.jpg', 'public', 2, 'en', 'archive', '3h47m3s', 1701);
INSERT INTO stream (id, user_id, channel_id, user_name, title, description, created_at, published_at, url, thumbnail_url, viewable, view_count, language, type, duration, game_id) VALUES ('814519847', '72322090', '72322090', 'Komito8220', 'Highlight: CWT 2020 - Playoffs (Quarter Finals) | Tade Vs. Abegod | Intermediate Scheme | TTS - !say
', '', '2020-11-24T21:04:31Z', '2020-11-24T21:04:31Z', 'https://www.twitch.tv/videos/814519847', 'https://static-cdn.jtvnw.net/cf_vods/d2nvs31859zcd8/2765611ca02c484d55dd_komito8220_90999225726_8954058014/thumb/custom-eeca51d9-bfc4-462e-b703-6c6fb7494b8e-%{width}x%{height}.jpeg', 'public', 8, 'en', 'highlight', '3h8m59s', 1698);
INSERT INTO stream (id, user_id, channel_id, user_name, title, description, created_at, published_at, url, thumbnail_url, viewable, view_count, language, type, duration, game_id) VALUES ('330350997', '26027047', '26027047', 'Khamski', 'CWT''18 | GROUP B | NICKYNICK - ALLADIN', 'TEST STREAM. 1st AFTER 2 YEARS. RESOLUTION IS SHIT!', '2018-11-01T22:33:35Z', '2018-11-01T22:33:35Z', 'https://www.twitch.tv/videos/330350997', 'https://static-cdn.jtvnw.net/cf_vods/d2nvs31859zcd8/512aa7f605dcc1c6bcc1_khamski_31040516384_1008657705//thumb/thumb330350997-%{width}x%{height}.jpg', 'public', 36, 'en', 'highlight', '2h49m47s', 1367);
INSERT INTO stream (id, user_id, channel_id, user_name, title, description, created_at, published_at, url, thumbnail_url, viewable, view_count, language, type, duration, game_id) VALUES ('30969970', '25468719', '25468719', 'DocOne42', 'CWT 2015 Bronze match: FaD vs Fantomas', 'Bronze match between FaD and Fantomas in Crespo''s Worms Tournament 2015.
Commentators: Kayz, Komito and DarkOne.', '2015-12-20T19:57:41Z', '2015-12-20T19:57:41.111529Z', 'https://www.twitch.tv/videos/30969970', 'https://static-cdn.jtvnw.net/cf_vods/d2nvs31859zcd8/622565423d_docone42_18342011360_366985673//thumb/thumb30969970-%{width}x%{height}.jpg', 'public', 32, 'en', 'highlight', '1h53m36s', 1149);
INSERT INTO stream (id, user_id, channel_id, user_name, title, description, created_at, published_at, url, thumbnail_url, viewable, view_count, language, type, duration, game_id) VALUES ('828179345', '72322090', '72322090', 'Komito8220', 'Highlight: CWT 2020 - Playoffs (Semi Finals) | tita Vs. Kano | Intermediate Scheme | TTS - !say
', '', '2020-12-06T20:53:24Z', '2020-12-06T20:53:24Z', 'https://www.twitch.tv/videos/828179345', 'https://static-cdn.jtvnw.net/cf_vods/d2nvs31859zcd8/f6d7742b18e677124662_komito8220_41310061681_3406790447/thumb/custom-fef8cf06-2bbc-41c0-b29a-1e2788a72db3-%{width}x%{height}.jpeg', 'public', 2, 'en', 'highlight', '1h54m12s', 1706);
INSERT INTO stream (id, user_id, channel_id, user_name, title, description, created_at, published_at, url, thumbnail_url, viewable, view_count, language, type, duration, game_id) VALUES ('101505228', '26027047', '26027047', 'Khamski', 'CWT''16 |  PLAYOFFS | 1/8 STAGE| KINSLAYER - CHUVASH', '', '2016-11-16T23:39:01Z', '2016-11-16T23:39:01Z', 'https://www.twitch.tv/videos/101505228', 'https://static-cdn.jtvnw.net/cf_vods/d2nvs31859zcd8/5400400262_khamski_23678396112_548570647//thumb/thumb101505228-%{width}x%{height}.jpg', 'public', 29, 'en', 'highlight', '1h33m14s', 1206);
INSERT INTO stream (id, user_id, channel_id, user_name, title, description, created_at, published_at, url, thumbnail_url, viewable, view_count, language, type, duration, game_id) VALUES ('803878706', '72322090', '72322090', 'Komito8220', 'CWT 2020 - Playoffs (Final 16) | BoolC Vs LovEvilution | Intermediate Scheme | TTS - !say', '', '2020-11-15T11:27:07Z', '2020-11-15T11:27:07Z', 'https://www.twitch.tv/videos/803878706', 'https://static-cdn.jtvnw.net/cf_vods/d2nvs31859zcd8/f495768f01a86253282f_komito8220_39995454604_1605439616//thumb/thumb0-%{width}x%{height}.jpg', 'public', 100, 'en', 'archive', '3h40m12s', 1691);
INSERT INTO stream (id, user_id, channel_id, user_name, title, description, created_at, published_at, url, thumbnail_url, viewable, view_count, language, type, duration, game_id) VALUES ('844102486', '72322090', '72322090', 'Komito8220', 'CWT 2020 - Playoffs (GRAND FINAL) | tita Vs. Tade | Intermediate Scheme | TTS - !say', '', '2020-12-20T16:20:19Z', '2020-12-20T16:20:19Z', 'https://www.twitch.tv/videos/844102486', 'https://static-cdn.jtvnw.net/cf_vods/d2nvs31859zcd8/e78109497f4d21abd14c_komito8220_40420374940_1608481208//thumb/thumb0-%{width}x%{height}.jpg', 'public', 2, 'en', 'archive', '2h49m41s', 1712);
INSERT INTO stream (id, user_id, channel_id, user_name, title, description, created_at, published_at, url, thumbnail_url, viewable, view_count, language, type, duration, game_id) VALUES ('43190940', '26027047', '26027047', 'Khamski', 'CWT''14. Round of 8. chuvash - tita. [part 1]', 'Part 1', '2014-11-22T10:37:24Z', '2014-11-22T10:37:24.177999Z', 'https://www.twitch.tv/videos/43190940', 'https://static-cdn.jtvnw.net/cf_vods/d2nvs31859zcd8/7560a53f07/khamski_11852143760_11852143760/thumb/thumb0-%{width}x%{height}.jpg', 'public', 20, 'en', 'highlight', '1h50m14s', 1077);
INSERT INTO stream (id, user_id, channel_id, user_name, title, description, created_at, published_at, url, thumbnail_url, viewable, view_count, language, type, duration, game_id) VALUES ('800735099', '72322090', '72322090', 'Komito8220', 'Highlight: CWT 2020 - Playoffs | nickynick vs. tita | Intermediate | TTS - !say', '', '2020-11-12T21:56:36Z', '2020-11-12T21:56:36Z', 'https://www.twitch.tv/videos/800735099', 'https://static-cdn.jtvnw.net/cf_vods/d2nvs31859zcd8/261134bd0f7851e333fa_komito8220_20448642041_3377784328//thumb/thumb800735099-%{width}x%{height}.jpg', 'public', 0, 'en', 'highlight', '1h28m10s', NULL);
INSERT INTO stream (id, user_id, channel_id, user_name, title, description, created_at, published_at, url, thumbnail_url, viewable, view_count, language, type, duration, game_id) VALUES ('98182310', '45204800', '45204800', 'WormyKayz', ' CWT 2016 tita vs. Jellenio ', 'Worms Armageddon', '2016-10-31T11:24:13Z', '2016-10-31T11:24:13Z', 'https://www.twitch.tv/videos/98182310', 'https://static-cdn.jtvnw.net/cf_vods/d2nvs31859zcd8/6fc290e608_wormykayz_23511819808_538159628/thumb/thumb0-%{width}x%{height}.jpg', 'public', 18, 'en', 'highlight', '50m41s', 1160);
INSERT INTO stream (id, user_id, channel_id, user_name, title, description, created_at, published_at, url, thumbnail_url, viewable, view_count, language, type, duration, game_id) VALUES ('43190997', '26027047', '26027047', 'Khamski', 'CWT''14. Round of 8. chuvash - tita. [part 2]', 'Part 2', '2014-11-22T10:38:06Z', '2014-11-22T10:38:06.368827Z', 'https://www.twitch.tv/videos/43190997', 'https://static-cdn.jtvnw.net/cf_vods/d2nvs31859zcd8/7560a53f07/khamski_11852143760_11852143760/thumb/thumb0-%{width}x%{height}.jpg', 'public', 16, 'ru', 'highlight', '1h33m0s', 1077);
INSERT INTO stream (id, user_id, channel_id, user_name, title, description, created_at, published_at, url, thumbnail_url, viewable, view_count, language, type, duration, game_id) VALUES ('43190958', '26027047', '26027047', 'Khamski', 'CWT''14. Round of 8. Terror - NickyNick. [part 1]', 'Part 1
30 min muted. 
Game was saved locally.
So if you are interested in watching version with no mute let me know.', '2014-11-22T10:46:59Z', '2014-11-22T10:46:59.29112Z', 'https://www.twitch.tv/videos/43190958', 'https://static-cdn.jtvnw.net/cf_vods/d2nvs31859zcd8/af3b40ab06/khamski_11826153936_11826153936/thumb/thumb0-%{width}x%{height}.jpg', 'public', 21, 'en', 'highlight', '1h50m19s', 1079);
INSERT INTO stream (id, user_id, channel_id, user_name, title, description, created_at, published_at, url, thumbnail_url, viewable, view_count, language, type, duration, game_id) VALUES ('43519196', '26027047', '26027047', 'Khamski', 'CWT 2011. Semifinal. Dario - Mablak. ', 'Only 2 rounds. Sry guys! 
The final score was 3:1 (Dario won).
You can visit CWT website (check Info tab for the link) and download game replays (Worms Armageddon game is needed to run replays).', '2011-11-14T19:48:57Z', '2011-11-14T19:48:57.27227Z', 'https://www.twitch.tv/videos/43519196', 'https://static-cdn.jtvnw.net/cf_vods/d2nvs31859zcd8/0c9aa7e7ff/khamski_2059209680_2059209680/thumb/thumb0-%{width}x%{height}.jpg', 'public', 179, 'ru', 'highlight', '1h27m44s', 1394);
INSERT INTO stream (id, user_id, channel_id, user_name, title, description, created_at, published_at, url, thumbnail_url, viewable, view_count, language, type, duration, game_id) VALUES ('43191166', '26027047', '26027047', 'Khamski', 'CWT''14. Round of 16. FaD - Tomek [part 1]', 'Part 1', '2014-11-22T10:09:53Z', '2014-11-22T10:09:52.59497Z', 'https://www.twitch.tv/videos/43191166', 'https://static-cdn.jtvnw.net/cf_vods/d2nvs31859zcd8/4fd8debd91/khamski_11823307280_11823307280/thumb/thumb0-%{width}x%{height}.jpg', 'public', 9, 'ru', 'highlight', '1h30m20s', 1074);
INSERT INTO stream (id, user_id, channel_id, user_name, title, description, created_at, published_at, url, thumbnail_url, viewable, view_count, language, type, duration, game_id) VALUES ('43190932', '26027047', '26027047', 'Khamski', 'CWT''14. Round of 8. Terror - NickyNick. [part 2]', 'Part 2', '2014-11-22T10:47:30Z', '2014-11-22T10:47:30.041842Z', 'https://www.twitch.tv/videos/43190932', 'https://static-cdn.jtvnw.net/cf_vods/d2nvs31859zcd8/af3b40ab06/khamski_11826153936_11826153936/thumb/thumb0-%{width}x%{height}.jpg', 'public', 13, 'en', 'highlight', '1h29m16s', 1079);
INSERT INTO stream (id, user_id, channel_id, user_name, title, description, created_at, published_at, url, thumbnail_url, viewable, view_count, language, type, duration, game_id) VALUES ('43190929', '26027047', '26027047', 'Khamski', 'CWT''14. Last 16. Johnmir - Viks.', 'There was a disconnection at the end of the game. 
So a bit of stream was truncated.', '2014-11-22T10:49:14Z', '2014-11-22T10:49:14.405501Z', 'https://www.twitch.tv/videos/43190929', 'https://static-cdn.jtvnw.net/cf_vods/d2nvs31859zcd8/0601b34a12/khamski_11891359088_11891359088/thumb/thumb0-%{width}x%{height}.jpg', 'public', 16, 'en', 'highlight', '1h24m14s', 1073);
INSERT INTO stream (id, user_id, channel_id, user_name, title, description, created_at, published_at, url, thumbnail_url, viewable, view_count, language, type, duration, game_id) VALUES ('43190883', '26027047', '26027047', 'Khamski', 'Replay analysis [russian]. CWT''14. Last 16. Johnmir - Viks.', 'Replay analysis of rounds 1 and 2.
Language: russian', '2014-11-22T10:50:31Z', '2014-11-22T10:50:30.555899Z', 'https://www.twitch.tv/videos/43190883', 'https://static-cdn.jtvnw.net/cf_vods/d2nvs31859zcd8/e93850886f/khamski_11896917392_11896917392/thumb/thumb0-%{width}x%{height}.jpg', 'public', 21, 'ru', 'highlight', '49m41s', 1073);
INSERT INTO stream (id, user_id, channel_id, user_name, title, description, created_at, published_at, url, thumbnail_url, viewable, view_count, language, type, duration, game_id) VALUES ('43158570', '26027047', '26027047', 'Khamski', 'CWT''14. Semi-final. Terror - chuvash', '...', '2014-11-25T16:46:34Z', '2014-11-25T16:46:34.450706Z', 'https://www.twitch.tv/videos/43158570', 'https://static-cdn.jtvnw.net/cf_vods/d2nvs31859zcd8/1e069e525b/khamski_11910995968_11910995968/thumb/thumb0-%{width}x%{height}.jpg', 'public', 28, 'ru', 'highlight', '2h12m8s', 1082);
INSERT INTO stream (id, user_id, channel_id, user_name, title, description, created_at, published_at, url, thumbnail_url, viewable, view_count, language, type, duration, game_id) VALUES ('44929351', '45204800', '45204800', 'WormyKayz', 'CWT 2014 Playoff tita vs. Tade', 'Playoff phase', '2014-11-10T00:10:05Z', '2014-11-10T00:10:05.069234Z', 'https://www.twitch.tv/videos/44929351', 'https://static-cdn.jtvnw.net/cf_vods/d2nvs31859zcd8/b1863adf86/wormykayz_11723406560_11723406560/thumb/thumb0-%{width}x%{height}.jpg', 'public', 51, 'de', 'highlight', '2h22m54s', 1069);
INSERT INTO stream (id, user_id, channel_id, user_name, title, description, created_at, published_at, url, thumbnail_url, viewable, view_count, language, type, duration, game_id) VALUES ('814304436', '72322090', '72322090', 'Komito8220', 'CWT 2020 - Playoffs (Quarter Finals) | Tade Vs. Abegod | Intermediate Scheme | TTS - !say
', '', '2020-11-24T17:53:05Z', '2020-11-24T17:53:05Z', 'https://www.twitch.tv/videos/814304436', 'https://static-cdn.jtvnw.net/cf_vods/d2nvs31859zcd8/bc3d2656034b69ff179b_komito8220_40117169148_1606240374//thumb/thumb0-%{width}x%{height}.jpg', 'public', 2, 'en', 'archive', '3h8m59s', 1698);
INSERT INTO stream (id, user_id, channel_id, user_name, title, description, created_at, published_at, url, thumbnail_url, viewable, view_count, language, type, duration, game_id) VALUES ('812969751', '72322090', '72322090', 'Komito8220', 'CWT 2020 - Playoffs (Quarter Finals) | Kano Vs BoolC | Intermediate Scheme | TTS - !say
', '', '2020-11-23T12:55:37Z', '2020-11-23T12:55:37Z', 'https://www.twitch.tv/videos/812969751', 'https://static-cdn.jtvnw.net/cf_vods/d2nvs31859zcd8/5d0951fe8c02270aa5c8_komito8220_40102598940_1606136126//thumb/thumb0-%{width}x%{height}.jpg', 'public', 95, 'en', 'archive', '2h10m48s', 1699);
INSERT INTO stream (id, user_id, channel_id, user_name, title, description, created_at, published_at, url, thumbnail_url, viewable, view_count, language, type, duration, game_id) VALUES ('804444415', '72322090', '72322090', 'Komito8220', 'Highlight: CWT 2020 - Playoffs (Final 16) | BoolC Vs LovEvilution | Intermediate Scheme | TTS - !say', '', '2020-11-15T21:47:58Z', '2020-11-15T21:47:58Z', 'https://www.twitch.tv/videos/804444415', 'https://static-cdn.jtvnw.net/cf_vods/d2nvs31859zcd8/0e100dc2450cf0401fa6_komito8220_51392829556_2539260815/thumb/custom-21bcdf10-da50-49a3-97c3-516f76268d05-%{width}x%{height}.jpeg', 'public', 0, 'en', 'highlight', '1h11m6s', NULL);
INSERT INTO stream (id, user_id, channel_id, user_name, title, description, created_at, published_at, url, thumbnail_url, viewable, view_count, language, type, duration, game_id) VALUES ('844282462', '72322090', '72322090', 'Komito8220', 'Highlight: CWT 2020 - Playoffs (GRAND FINAL) | tita Vs. Tade | Intermediate Scheme | TTS - !say', '', '2020-12-20T19:12:11Z', '2020-12-20T19:12:11Z', 'https://www.twitch.tv/videos/844282462', 'https://static-cdn.jtvnw.net/cf_vods/d2nvs31859zcd8/4dd254e4a2ef51aa6682_komito8220_15562343123_5838356254/thumb/custom-f053e7de-8d71-48a5-9fb6-6f04933ab525-%{width}x%{height}.jpeg', 'public', 5, 'en', 'highlight', '2h49m41s', NULL);
INSERT INTO stream (id, user_id, channel_id, user_name, title, description, created_at, published_at, url, thumbnail_url, viewable, view_count, language, type, duration, game_id) VALUES ('851491660', '72322090', '72322090', 'Komito8220', 'CWT 2020 - Playoffs (LITTLE FINAL) | Kano Vs. PavelB | Intermediate Scheme | TTS - !say', '', '2020-12-27T12:54:33Z', '2020-12-27T12:54:33Z', 'https://www.twitch.tv/videos/851491660', 'https://static-cdn.jtvnw.net/cf_vods/d2nvs31859zcd8/0436f9bdea903bd946d7_komito8220_40502155692_1609073663//thumb/thumb0-%{width}x%{height}.jpg', 'public', 0, 'en', 'archive', '1h38m18s', 1711);
INSERT INTO stream (id, user_id, channel_id, user_name, title, description, created_at, published_at, url, thumbnail_url, viewable, view_count, language, type, duration, game_id) VALUES ('811890237', '72322090', '72322090', 'Komito8220', 'CWT 2020 - Playoffs (Quarter Finals) | Kano Vs BoolC | Intermediate Scheme | TTS - !say

', '', '2020-11-22T12:56:41Z', '2020-11-22T12:56:41Z', 'https://www.twitch.tv/videos/811890237', 'https://static-cdn.jtvnw.net/cf_vods/d2nvs31859zcd8/05328c97fe8951b17daf_komito8220_40090799884_1606049791//thumb/thumb0-%{width}x%{height}.jpg', 'public', 40, 'en', 'archive', '25m40s', NULL);
INSERT INTO stream (id, user_id, channel_id, user_name, title, description, created_at, published_at, url, thumbnail_url, viewable, view_count, language, type, duration, game_id) VALUES ('43121370', '45204800', '45204800', 'WormyKayz', 'CWT 2014 Quarterfinal Johnmir vs. FaD', 'Playoff stage', '2014-11-30T17:34:36Z', '2014-11-30T17:34:36.069985Z', 'https://www.twitch.tv/videos/43121370', 'https://static-cdn.jtvnw.net/cf_vods/d2nvs31859zcd8/979433b3f8/wormykayz_12015912928_12015912928/thumb/thumb0-%{width}x%{height}.jpg', 'public', 19, 'de', 'highlight', '2h22m58s', 1081);
INSERT INTO stream (id, user_id, channel_id, user_name, title, description, created_at, published_at, url, thumbnail_url, viewable, view_count, language, type, duration, game_id) VALUES ('45325258', '45204800', '45204800', 'WormyKayz', 'CWT 2014 TerRoR vs. nickynick', 'Group phase', '2014-10-19T22:28:38Z', '2014-10-19T22:28:37.874537Z', 'https://www.twitch.tv/videos/45325258', 'https://static-cdn.jtvnw.net/cf_vods/d2nvs31859zcd8/5d26d2beae/wormykayz_11440626288_11440626288/thumb/thumb0-%{width}x%{height}.jpg', 'public', 53, 'de', 'highlight', '1h58m9s', 1051);
INSERT INTO stream (id, user_id, channel_id, user_name, title, description, created_at, published_at, url, thumbnail_url, viewable, view_count, language, type, duration, game_id) VALUES ('20700205', '45204800', '45204800', 'WormyKayz', 'CWT 2015 chuvash vs. kalababa', '', '2015-10-14T19:04:48Z', '2015-10-14T19:04:48.463064Z', 'https://www.twitch.tv/videos/20700205', 'https://static-cdn.jtvnw.net/cf_vods/d2nvs31859zcd8/c2a7e4a1cc_wormykayz_16993705696_325989660//thumb/thumb20700205-%{width}x%{height}.jpg', 'public', 48, 'en', 'highlight', '59m18s', 1087);
INSERT INTO stream (id, user_id, channel_id, user_name, title, description, created_at, published_at, url, thumbnail_url, viewable, view_count, language, type, duration, game_id) VALUES ('45201080', '45204800', '45204800', 'WormyKayz', 'CWT 2014 nickynick vs. Kilobyte', 'Group phase', '2014-10-26T21:54:12Z', '2014-10-26T21:54:11.617198Z', 'https://www.twitch.tv/videos/45201080', 'https://static-cdn.jtvnw.net/cf_vods/d2nvs31859zcd8/dfbf025d33/wormykayz_11520156128_11520156128/thumb/thumb0-%{width}x%{height}.jpg', 'public', 12, 'de', 'highlight', '55m49s', 1062);
INSERT INTO stream (id, user_id, channel_id, user_name, title, description, created_at, published_at, url, thumbnail_url, viewable, view_count, language, type, duration, game_id) VALUES ('20984489', '45204800', '45204800', 'WormyKayz', 'CWT 2015 taner vs. BoolC', 'Group phase', '2015-10-16T17:57:18Z', '2015-10-16T17:57:17.561795Z', 'https://www.twitch.tv/videos/20984489', 'https://static-cdn.jtvnw.net/cf_vods/d2nvs31859zcd8/10536c3edc_wormykayz_17025843584_326996793/thumb/thumb0-%{width}x%{height}.jpg', 'public', 50, 'ar', 'highlight', '2h17m1s', 1090);
INSERT INTO stream (id, user_id, channel_id, user_name, title, description, created_at, published_at, url, thumbnail_url, viewable, view_count, language, type, duration, game_id) VALUES ('21466556', '45204800', '45204800', 'WormyKayz', 'CWT 2015 nickynick vs. GopnicK', 'Group phase', '2015-10-19T19:59:53Z', '2015-10-19T19:59:53.073001Z', 'https://www.twitch.tv/videos/21466556', 'https://static-cdn.jtvnw.net/cf_vods/d2nvs31859zcd8/1d40d90e28_wormykayz_17090920336_329061297/thumb/thumb0-%{width}x%{height}.jpg', 'public', 17, 'ar', 'highlight', '58m52s', 1103);
INSERT INTO stream (id, user_id, channel_id, user_name, title, description, created_at, published_at, url, thumbnail_url, viewable, view_count, language, type, duration, game_id) VALUES ('23802405', '45204800', '45204800', 'WormyKayz', 'CWT 2015 chuvash vs. khamski', 'Group Phase', '2015-11-03T15:36:08Z', '2015-11-03T15:36:08.240367Z', 'https://www.twitch.tv/videos/23802405', 'https://static-cdn.jtvnw.net/cf_vods/d2nvs31859zcd8/538141ba86_wormykayz_17452110480_340438887//thumb/thumb23802405-%{width}x%{height}.jpg', 'public', 35, 'en', 'highlight', '1h22m16s', 1125);
INSERT INTO stream (id, user_id, channel_id, user_name, title, description, created_at, published_at, url, thumbnail_url, viewable, view_count, language, type, duration, game_id) VALUES ('45027806', '45204800', '45204800', 'WormyKayz', 'CWT 2014 Playoff Random00 vs. Chilitolindo', 'Playoff Stage', '2014-11-03T23:17:02Z', '2014-11-03T23:17:02.105865Z', 'https://www.twitch.tv/videos/45027806', 'https://static-cdn.jtvnw.net/cf_vods/d2nvs31859zcd8/5a42fbd63f/wormykayz_11631621472_11631621472/thumb/thumb0-%{width}x%{height}.jpg', 'public', 31, 'de', 'highlight', '3h7m4s', 1075);
INSERT INTO stream (id, user_id, channel_id, user_name, title, description, created_at, published_at, url, thumbnail_url, viewable, view_count, language, type, duration, game_id) VALUES ('45051186', '45204800', '45204800', 'WormyKayz', 'CWT 2014 Playoff chuvash vs. Korydex ', 'Playoff Stage', '2014-11-02T20:54:22Z', '2014-11-02T20:54:22.214961Z', 'https://www.twitch.tv/videos/45051186', 'https://static-cdn.jtvnw.net/cf_vods/d2nvs31859zcd8/99d93e775f/wormykayz_11616647216_11616647216/thumb/thumb0-%{width}x%{height}.jpg', 'public', 23, 'de', 'highlight', '56m14s', 1070);
INSERT INTO stream (id, user_id, channel_id, user_name, title, description, created_at, published_at, url, thumbnail_url, viewable, view_count, language, type, duration, game_id) VALUES ('44931774', '45204800', '45204800', 'WormyKayz', ' CWT 2014 Playoff Khamski vs. nickynick ', 'Playoff phase', '2014-11-09T21:13:37Z', '2014-11-09T21:13:36.754226Z', 'https://www.twitch.tv/videos/44931774', 'https://static-cdn.jtvnw.net/cf_vods/d2nvs31859zcd8/6642b28648/wormykayz_11721257520_11721257520/thumb/thumb0-%{width}x%{height}.jpg', 'public', 21, 'de', 'highlight', '2h7m4s', 1072);
INSERT INTO stream (id, user_id, channel_id, user_name, title, description, created_at, published_at, url, thumbnail_url, viewable, view_count, language, type, duration, game_id) VALUES ('106323544', '77989017', '77989017', 'MrTPenguin', 'CWT 2016, Quarter Final, Tita vs Master (conclusion)', 'The last two rounds of the match.', '2016-12-09T18:53:04Z', '2016-12-09T18:53:04Z', 'https://www.twitch.tv/videos/106323544', 'https://static-cdn.jtvnw.net/cf_vods/d2nvs31859zcd8/0531337ff4_mrtpenguin_23883327536_561378476//thumb/thumb106323544-%{width}x%{height}.jpg', 'public', 18, 'en', 'highlight', '47m10s', 1212);
INSERT INTO stream (id, user_id, channel_id, user_name, title, description, created_at, published_at, url, thumbnail_url, viewable, view_count, language, type, duration, game_id) VALUES ('108407748', '26027047', '26027047', 'Khamski', 'CWT''16 | FINAL | CHUVASH - MABLAK', 'Awesome stream...', '2016-12-19T00:58:23Z', '2016-12-19T00:58:23Z', 'https://www.twitch.tv/videos/108407748', 'https://static-cdn.jtvnw.net/cf_vods/d2nvs31859zcd8/42f152bec4_khamski_23968168448_566681030//thumb/thumb108407748-%{width}x%{height}.jpg', 'public', 366, 'en', 'highlight', '5h19m18s', 1218);
INSERT INTO stream (id, user_id, channel_id, user_name, title, description, created_at, published_at, url, thumbnail_url, viewable, view_count, language, type, duration, game_id) VALUES ('389334921', '104501736', '104501736', 'senseiofworms', 'CWT ''18 | chuvash vs. Siwy | Finals | Commentators: MrTPenguin, Dr. Abegod, Sensei | Worms Armageddon', '', '2019-03-02T21:52:19Z', '2019-03-02T21:52:19Z', 'https://www.twitch.tv/videos/389334921', 'https://static-cdn.jtvnw.net/cf_vods/d2nvs31859zcd8/6cfe61167295baef9233_senseiofworms_70449993535_5906857577//thumb/thumb389334921-%{width}x%{height}.jpg', 'public', 159, 'en', 'highlight', '2h25m47s', 1427);
INSERT INTO stream (id, user_id, channel_id, user_name, title, description, created_at, published_at, url, thumbnail_url, viewable, view_count, language, type, duration, game_id) VALUES ('804444828', '72322090', '72322090', 'Komito8220', 'Highlight: CWT 2020 - Playoffs (Quarter Finals) | tita Vs SiD | Intermediate Scheme | TTS - !say', '', '2020-11-15T21:48:23Z', '2020-11-15T21:48:23Z', 'https://www.twitch.tv/videos/804444828', 'https://static-cdn.jtvnw.net/cf_vods/d2nvs31859zcd8/55390b13a7a1f7473f37_komito8220_63354905961_7751887027/thumb/custom-d104041e-1881-4b6d-abde-6aca1254f934-%{width}x%{height}.jpeg', 'public', 2, 'en', 'highlight', '2h45m57s', 1696);
INSERT INTO stream (id, user_id, channel_id, user_name, title, description, created_at, published_at, url, thumbnail_url, viewable, view_count, language, type, duration, game_id) VALUES ('800738112', '72322090', '72322090', 'Komito8220', 'Highlight: CWT 2020 - Playoffs (Quarter Finals) | Rafka Vs PavelB | Intermediate Scheme | TTS - !say', '', '2020-11-12T21:59:09Z', '2020-11-12T21:59:09Z', 'https://www.twitch.tv/videos/800738112', 'https://static-cdn.jtvnw.net/cf_vods/d2nvs31859zcd8/a8da7c3ec0107b41383d_komito8220_98786630585_3622141814/thumb/custom-f3b7c627-5886-41eb-8709-bd66c0373c6c-%{width}x%{height}.jpeg', 'public', 9, 'en', 'highlight', '2h59m34s', 1697);
INSERT INTO stream (id, user_id, channel_id, user_name, title, description, created_at, published_at, url, thumbnail_url, viewable, view_count, language, type, duration, game_id) VALUES ('800732660', '72322090', '72322090', 'Komito8220', 'Highlight: CWT 2020 - Playoffs | Kano vs. khamski | Intermediate | TTS - !say', '', '2020-11-12T21:54:20Z', '2020-11-12T21:54:20Z', 'https://www.twitch.tv/videos/800732660', 'https://static-cdn.jtvnw.net/cf_vods/d2nvs31859zcd8/0864d9a1b9c228e6bf81_komito8220_91902079360_9671391041//thumb/thumb800732660-%{width}x%{height}.jpg', 'public', 1, 'en', 'highlight', '2h6m23s', 1690);
INSERT INTO stream (id, user_id, channel_id, user_name, title, description, created_at, published_at, url, thumbnail_url, viewable, view_count, language, type, duration, game_id) VALUES ('385308806', '77989017', '77989017', 'MrTPenguin', 'CWT 2018, Semi Final, Piki vs Siwy (w/o last round)', 'Commentary only for the first two rounds. The last round of the match wasn''t streamed so isn''t included here, unfortunately.', '2019-02-23T09:06:29Z', '2019-02-23T09:06:29Z', 'https://www.twitch.tv/videos/385308806', 'https://static-cdn.jtvnw.net/cf_vods/d2nvs31859zcd8/0d8a90d0bcb509193926_mrtpenguin_43031363807_7815596187//thumb/thumb385308806-%{width}x%{height}.jpg', 'public', 39, 'en', 'highlight', '1h40m42s', 1425);
INSERT INTO stream (id, user_id, channel_id, user_name, title, description, created_at, published_at, url, thumbnail_url, viewable, view_count, language, type, duration, game_id) VALUES ('49567603', '45204800', '45204800', 'WormyKayz', 'zoky vs. kalababa CWT 2013', 'This is my first Stream :)', '2013-10-14T20:56:22Z', '2013-10-14T20:56:21.540249Z', 'https://www.twitch.tv/videos/49567603', 'https://static-cdn.jtvnw.net/cf_vods/d2nvs31859zcd8/319b44562d/wormykayz_7155256224_7155256224/thumb/thumb0-%{width}x%{height}.jpg', 'public', 37, 'en', 'highlight', '1h12m54s', 960);
INSERT INTO stream (id, user_id, channel_id, user_name, title, description, created_at, published_at, url, thumbnail_url, viewable, view_count, language, type, duration, game_id) VALUES ('380674328', '77989017', '77989017', 'MrTPenguin', 'CWT 2018, Semi Final, Chuvash vs Boolc', 'Two Russian veterans.', '2019-02-14T21:42:33Z', '2019-02-14T21:42:33Z', 'https://www.twitch.tv/videos/380674328', '', 'public', 27, 'en', 'highlight', '1h16m35s', 1422);
INSERT INTO stream (id, user_id, channel_id, user_name, title, description, created_at, published_at, url, thumbnail_url, viewable, view_count, language, type, duration, game_id) VALUES ('49465054', '45204800', '45204800', 'WormyKayz', 'chuvash vs. Khamski CWT 2013', 'Worms Armageddon CWT 2013 game', '2013-10-28T18:31:03Z', '2013-10-28T18:31:02.597882Z', 'https://www.twitch.tv/videos/49465054', 'https://static-cdn.jtvnw.net/cf_vods/d2nvs31859zcd8/1ff8e5c3cd/wormykayz_7307307184_7307307184/thumb/thumb0-%{width}x%{height}.jpg', 'public', 46, 'en', 'highlight', '1h22m27s', 984);
INSERT INTO stream (id, user_id, channel_id, user_name, title, description, created_at, published_at, url, thumbnail_url, viewable, view_count, language, type, duration, game_id) VALUES ('21923106', '26027047', '26027047', 'Khamski', 'CWT''15 Groups | Games review [russian] ', 'chuvash and Khamski talk about CWT''15 group situations and watching two rounds of Kayz - Jakka.', '2015-10-22T21:25:32Z', '2015-10-22T21:25:32.467298Z', 'https://www.twitch.tv/videos/21923106', 'https://static-cdn.jtvnw.net/cf_vods/d2nvs31859zcd8/f236edfb4d_khamski_17155970032_331094132//thumb/thumb21923106-%{width}x%{height}.jpg', 'public', 51, 'ru', 'highlight', '1h23m30s', NULL);
INSERT INTO stream (id, user_id, channel_id, user_name, title, description, created_at, published_at, url, thumbnail_url, viewable, view_count, language, type, duration, game_id) VALUES ('45398570', '45204800', '45204800', 'WormyKayz', 'CWT 2014 FaD vs. Peja', 'CWT Game 2014', '2014-10-14T19:20:07Z', '2014-10-14T19:20:06.701786Z', 'https://www.twitch.tv/videos/45398570', 'https://static-cdn.jtvnw.net/cf_vods/d2nvs31859zcd8/5520381cb0/wormykayz_11358514896_11358514896/thumb/thumb0-%{width}x%{height}.jpg', 'public', 19, 'de', 'highlight', '1h42m1s', 1032);
INSERT INTO stream (id, user_id, channel_id, user_name, title, description, created_at, published_at, url, thumbnail_url, viewable, view_count, language, type, duration, game_id) VALUES ('337708593', '77989017', '77989017', 'MrTPenguin', 'CWT 2018, Group A, Siwy vs Taner', 'No commentary in the last round because I was away from the computer.', '2018-11-18T21:18:58Z', '2018-11-18T21:18:58Z', 'https://www.twitch.tv/videos/337708593', 'https://static-cdn.jtvnw.net/cf_vods/d2nvs31859zcd8/9a68f9fbcbef0cfe8f2b_mrtpenguin_31298990416_1024812332//thumb/thumb337708593-%{width}x%{height}.jpg', 'public', 36, 'en', 'highlight', '1h41m26s', 1390);
INSERT INTO stream (id, user_id, channel_id, user_name, title, description, created_at, published_at, url, thumbnail_url, viewable, view_count, language, type, duration, game_id) VALUES ('201774620', '77989017', '77989017', 'MrTPenguin', 'CWT 2017, Group D, Fenrys vs Senator', 'First stream of CWT 2017', '2017-11-16T20:30:37Z', '2017-11-16T20:30:37Z', 'https://www.twitch.tv/videos/201774620', 'https://static-cdn.jtvnw.net/cf_vods/d2nvs31859zcd8/54a9b1aa7d9c7d2223ee_mrtpenguin_26745380112_740256436//thumb/thumb201774620-%{width}x%{height}.jpg', 'public', 50, 'en', 'highlight', '1h21m59s', 1235);
INSERT INTO stream (id, user_id, channel_id, user_name, title, description, created_at, published_at, url, thumbnail_url, viewable, view_count, language, type, duration, game_id) VALUES ('99289950', '77989017', '77989017', 'MrTPenguin', 'CWT 2016, Group B, tita vs Boolc', 'The battle for first place. The sound problem in round one was resolved by me silencing myself. The scoreboard icons disappeared as well, leaving only the score.', '2016-11-05T22:11:29Z', '2016-11-05T22:11:29Z', 'https://www.twitch.tv/videos/99289950', 'https://static-cdn.jtvnw.net/cf_vods/d2nvs31859zcd8/00aa1e4be0_mrtpenguin_23588001488_542920983/thumb/thumb0-%{width}x%{height}.jpg', 'public', 6, 'en', 'highlight', '1h37m58s', 1183);
INSERT INTO stream (id, user_id, channel_id, user_name, title, description, created_at, published_at, url, thumbnail_url, viewable, view_count, language, type, duration, game_id) VALUES ('804250616', '72322090', '72322090', 'Komito8220', 'CWT 2020 - Playoffs (Quarter Finals) | tita Vs SiD | Intermediate Scheme | TTS - !say', '', '2020-11-15T18:54:22Z', '2020-11-15T18:54:22Z', 'https://www.twitch.tv/videos/804250616', 'https://static-cdn.jtvnw.net/cf_vods/d2nvs31859zcd8/38f72e77ff918d855e13_komito8220_40002229308_1605466451//thumb/thumb0-%{width}x%{height}.jpg', 'public', 135, 'en', 'archive', '2h45m58s', 1696);
INSERT INTO stream (id, user_id, channel_id, user_name, title, description, created_at, published_at, url, thumbnail_url, viewable, view_count, language, type, duration, game_id) VALUES ('376314141', '104501736', '104501736', 'senseiofworms', 'CWT ''18 | Kayz vs. Siwy | Quarter-Finals | Commentators: Dr. Abegod, Sensei | Worms Armageddon', '', '2019-02-06T23:44:56Z', '2019-02-06T23:44:56Z', 'https://www.twitch.tv/videos/376314141', 'https://static-cdn.jtvnw.net/cf_vods/d2nvs31859zcd8/7448950ee800b3717ab4_senseiofworms_32589786320_1105487076//thumb/thumb376314141-%{width}x%{height}.jpg', 'public', 58, 'en', 'highlight', '2h15m25s', 1394);
INSERT INTO stream (id, user_id, channel_id, user_name, title, description, created_at, published_at, url, thumbnail_url, viewable, view_count, language, type, duration, game_id) VALUES ('362357828', '104501736', '104501736', 'senseiofworms', 'CWT ''18 | tita vs pavlepavle | Last 16 | Commentators: TheWalrus, taner', '', '2019-01-11T20:40:53Z', '2019-01-11T20:40:53Z', 'https://www.twitch.tv/videos/362357828', 'https://static-cdn.jtvnw.net/cf_vods/d2nvs31859zcd8/d23c18388f8d52148bd7_senseiofworms_32112168288_1075635951//thumb/thumb362357828-%{width}x%{height}.jpg', 'public', 69, 'en', 'highlight', '1h22m19s', 1409);
INSERT INTO stream (id, user_id, channel_id, user_name, title, description, created_at, published_at, url, thumbnail_url, viewable, view_count, language, type, duration, game_id) VALUES ('45487448', '26027047', '26027047', 'Khamski', 'CWT''13. Group B. Kayz - Akt. [part 2]', ':::Commentators::: Khamski :::Content::: Live game commentary, postgame interview, standings analysis :::Issues::: commentating alone is booooring.', '2013-11-12T09:33:09Z', '2013-11-12T09:33:09.263392Z', 'https://www.twitch.tv/videos/45487448', 'https://static-cdn.jtvnw.net/cf_vods/d2nvs31859zcd8/65cdcce87e/khamski_7465768336_7465768336/thumb/thumb0-%{width}x%{height}.jpg', 'public', 51, 'en', 'highlight', '1h22m57s', 991);
INSERT INTO stream (id, user_id, channel_id, user_name, title, description, created_at, published_at, url, thumbnail_url, viewable, view_count, language, type, duration, game_id) VALUES ('789032496', '72322090', '72322090', 'Komito8220', 'CWT 2020 - Playoffs | nickynick vs. tita | Intermediate | TTS - !say', '', '2020-11-01T19:33:14Z', '2020-11-01T19:33:14Z', 'https://www.twitch.tv/videos/789032496', 'https://static-cdn.jtvnw.net/cf_vods/d2nvs31859zcd8/6a28dc67b869de7e353b_komito8220_39850336508_1604259183//thumb/thumb0-%{width}x%{height}.jpg', 'public', 106, 'en', 'archive', '1h28m10s', 1688);
INSERT INTO stream (id, user_id, channel_id, user_name, title, description, created_at, published_at, url, thumbnail_url, viewable, view_count, language, type, duration, game_id) VALUES ('795970092', '72322090', '72322090', 'Komito8220', 'CWT 2020 - Playoffs (Quarter Finals) | Rafka Vs PavelB | Intermediate Scheme | TTS - !say', '', '2020-11-08T11:54:49Z', '2020-11-08T11:54:49Z', 'https://www.twitch.tv/videos/795970092', 'https://static-cdn.jtvnw.net/cf_vods/d2nvs31859zcd8/298b8dfb2f03a49dd54d_komito8220_39916850540_1604836479//thumb/thumb0-%{width}x%{height}.jpg', 'public', 206, 'en', 'archive', '3h15m9s', 1697);
INSERT INTO stream (id, user_id, channel_id, user_name, title, description, created_at, published_at, url, thumbnail_url, viewable, view_count, language, type, duration, game_id) VALUES ('42379178', '26027047', '26027047', 'Khamski', 'CWT''14. The Grand Finale.', '...', '2014-12-23T22:38:10Z', '2014-12-23T22:38:09.896233Z', 'https://www.twitch.tv/videos/42379178', 'https://static-cdn.jtvnw.net/cf_vods/d2nvs31859zcd8/30f318e814/khamski_12308736624_12308736624/thumb/thumb0-%{width}x%{height}.jpg', 'public', 249, 'en', 'highlight', '3h17m17s', 1084);
INSERT INTO stream (id, user_id, channel_id, user_name, title, description, created_at, published_at, url, thumbnail_url, viewable, view_count, language, type, duration, game_id) VALUES ('43505622', '26027047', '26027047', 'Khamski', 'CWT 2011. Semifinal. Joschi - Koras.', 'Aww... This video contains everything except the last "drama" round.
The final score was 3:2 (Koras won).
You can visit CWT website (check Info tab for the link) and download game replays (Worms Armageddon game is needed to run replays).', '2011-11-14T19:57:30Z', '2011-11-14T19:57:30.457397Z', 'https://www.twitch.tv/videos/43505622', 'https://static-cdn.jtvnw.net/cf_vods/d2nvs31859zcd8/2f126ff25a/khamski_2064471632_2064471632/thumb/thumb0-%{width}x%{height}.jpg', 'public', 127, 'ru', 'highlight', '1h34m5s', 945);
INSERT INTO stream (id, user_id, channel_id, user_name, title, description, created_at, published_at, url, thumbnail_url, viewable, view_count, language, type, duration, game_id) VALUES ('45487408', '26027047', '26027047', 'Khamski', 'CWT''13. Group B. Kayz - Akt. [part 1]', ':::Commentators::: Khamski :::Content::: Live game commentary, postgame interview, standings analysis :::Issues::: commentating alone is booooring.', '2013-11-12T09:31:13Z', '2013-11-12T09:31:12.629661Z', 'https://www.twitch.tv/videos/45487408', 'https://static-cdn.jtvnw.net/cf_vods/d2nvs31859zcd8/65cdcce87e/khamski_7465768336_7465768336/thumb/thumb0-%{width}x%{height}.jpg', 'public', 33, 'en', 'highlight', '9m2s', 991);
INSERT INTO stream (id, user_id, channel_id, user_name, title, description, created_at, published_at, url, thumbnail_url, viewable, view_count, language, type, duration, game_id) VALUES ('26454169', '45204800', '45204800', 'WormyKayz', 'CWT 2015 Fantomas vs. Tade', 'Playoff pase', '2015-11-18T19:48:02Z', '2015-11-18T19:48:01.807003Z', 'https://www.twitch.tv/videos/26454169', 'https://static-cdn.jtvnw.net/cf_vods/d2nvs31859zcd8/bc70485596_wormykayz_17773745376_350737007//thumb/thumb26454169-%{width}x%{height}.jpg', 'public', 28, 'ar', 'highlight', '1h45m48s', 1138);
INSERT INTO stream (id, user_id, channel_id, user_name, title, description, created_at, published_at, url, thumbnail_url, viewable, view_count, language, type, duration, game_id) VALUES ('97831258', '26027047', '26027047', 'Khamski', 'CWT''16 | GROUP A | taner - Darklord', 'Commentatots: DarkOne, Walrus, Khamski

We had some sound issues but it went good overall.', '2016-10-29T17:21:36Z', '2016-10-29T17:21:36Z', 'https://www.twitch.tv/videos/97831258', 'https://static-cdn.jtvnw.net/cf_vods/d2nvs31859zcd8/2ab0d16843_khamski_23527182512_539119797/thumb/thumb0-%{width}x%{height}.jpg', 'public', 19, 'en', 'highlight', '2h11m54s', 1175);
INSERT INTO stream (id, user_id, channel_id, user_name, title, description, created_at, published_at, url, thumbnail_url, viewable, view_count, language, type, duration, game_id) VALUES ('44772369', '26027047', '26027047', 'Khamski', 'CWT''14. Semi-final. FaD - Kayz', 'No first round. It was a draw so no big deal.', '2014-12-09T10:02:40Z', '2014-12-09T10:02:40.185125Z', 'https://www.twitch.tv/videos/44772369', 'https://static-cdn.jtvnw.net/cf_vods/d2nvs31859zcd8/3823334a25/khamski_12107146768_12107146768/thumb/thumb0-%{width}x%{height}.jpg', 'public', 19, 'en', 'highlight', '1h46m3s', 1080);
INSERT INTO stream (id, user_id, channel_id, user_name, title, description, created_at, published_at, url, thumbnail_url, viewable, view_count, language, type, duration, game_id) VALUES ('102350768', '26027047', '26027047', 'Khamski', 'CWT''16 | PLAYOFFS | 1 / 8 STAGE | NICKY NICK - FREE', '', '2016-11-20T20:59:43Z', '2016-11-20T20:59:43Z', 'https://www.twitch.tv/videos/102350768', 'https://static-cdn.jtvnw.net/cf_vods/d2nvs31859zcd8/bb84abb45c_khamski_23715139968_550867138//thumb/thumb102350768-%{width}x%{height}.jpg', 'public', 42, 'en', 'highlight', '1h32m54s', 1207);
INSERT INTO stream (id, user_id, channel_id, user_name, title, description, created_at, published_at, url, thumbnail_url, viewable, view_count, language, type, duration, game_id) VALUES ('101876551', '77989017', '77989017', 'MrTPenguin', 'CWT 2016, 1/8 Round, tadeusz vs Boolc', 'A last-16 match between two ONL veterans. (I was holding the microphone too close to my mouth.)', '2016-11-18T21:25:27Z', '2016-11-18T21:25:27Z', 'https://www.twitch.tv/videos/101876551', 'https://static-cdn.jtvnw.net/cf_vods/d2nvs31859zcd8/142bfb8a67_mrtpenguin_23693567536_549518861//thumb/thumb101876551-%{width}x%{height}.jpg', 'public', 22, 'en', 'highlight', '1h20m3s', 1205);
INSERT INTO stream (id, user_id, channel_id, user_name, title, description, created_at, published_at, url, thumbnail_url, viewable, view_count, language, type, duration, game_id) VALUES ('107461577', '45204800', '45204800', 'WormyKayz', 'CWT 2016 tita vs. chuvash Semifinal', 'WA', '2016-12-14T21:01:06Z', '2016-12-14T21:01:06Z', 'https://www.twitch.tv/videos/107461577', 'https://static-cdn.jtvnw.net/cf_vods/d2nvs31859zcd8/d2cc4f0d87_wormykayz_23931037632_564360356/thumb/thumb0-%{width}x%{height}.jpg', 'public', 50, 'en', 'highlight', '1h51m24s', 1215);
INSERT INTO stream (id, user_id, channel_id, user_name, title, description, created_at, published_at, url, thumbnail_url, viewable, view_count, language, type, duration, game_id) VALUES ('45010273', '26027047', '26027047', 'Khamski', 'CWT''14. PlayOffs. Kayz - zoky', '111', '2014-11-04T22:55:22Z', '2014-11-04T22:55:22.118968Z', 'https://www.twitch.tv/videos/45010273', 'https://static-cdn.jtvnw.net/cf_vods/d2nvs31859zcd8/2a2316b168/khamski_11645584944_11645584944/thumb/thumb0-%{width}x%{height}.jpg', 'public', 30, 'en', 'highlight', '1h47m35s', 1076);
INSERT INTO stream (id, user_id, channel_id, user_name, title, description, created_at, published_at, url, thumbnail_url, viewable, view_count, language, type, duration, game_id) VALUES ('98068975', '77989017', '77989017', 'MrTPenguin', 'CWT 2016, Group E, nickynick vs Bytor', 'The first appearance of my enhanced scoreboard. You can''t hear my one-man commentary because my mic was accidentally set to silent.', '2016-10-30T19:49:43Z', '2016-10-30T19:49:43Z', 'https://www.twitch.tv/videos/98068975', 'https://static-cdn.jtvnw.net/cf_vods/d2nvs31859zcd8/5071f667c5_mrtpenguin_23538172560_539806675/thumb/thumb0-%{width}x%{height}.jpg', 'public', 18, 'en', 'highlight', '1h5m50s', 1168);
INSERT INTO stream (id, user_id, channel_id, user_name, title, description, created_at, published_at, url, thumbnail_url, viewable, view_count, language, type, duration, game_id) VALUES ('99543585', '26027047', '26027047', 'Khamski', 'CWT''16 | GROUP A | AFINA - FANTOMAS', '', '2016-11-06T23:16:38Z', '2016-11-06T23:16:38Z', 'https://www.twitch.tv/videos/99543585', 'https://static-cdn.jtvnw.net/cf_vods/d2nvs31859zcd8/4ec6bc5201_khamski_23599353632_543630492/thumb/thumb0-%{width}x%{height}.jpg', 'public', 37, 'en', 'highlight', '2h8m25s', 1185);
INSERT INTO stream (id, user_id, channel_id, user_name, title, description, created_at, published_at, url, thumbnail_url, viewable, view_count, language, type, duration, game_id) VALUES ('25443889', '26027047', '26027047', 'Khamski', 'CWT''15. PlayOffs. Last 16. chuvash - Piki1802', 'Spontaneous stream. So don''t judge.', '2015-11-12T20:16:27Z', '2015-11-12T20:16:27.218457Z', 'https://www.twitch.tv/videos/25443889', 'https://static-cdn.jtvnw.net/cf_vods/d2nvs31859zcd8/c185954acf_khamski_17673610704_347582525//thumb/thumb25443889-%{width}x%{height}.jpg', 'public', 37, 'en', 'highlight', '55m57s', 1135);
INSERT INTO stream (id, user_id, channel_id, user_name, title, description, created_at, published_at, url, thumbnail_url, viewable, view_count, language, type, duration, game_id) VALUES ('98106339', '26027047', '26027047', 'Khamski', 'CWT''16 | GROUP D | Mablak - Viks', '', '2016-10-30T23:06:41Z', '2016-10-30T23:06:41Z', 'https://www.twitch.tv/videos/98106339', 'https://static-cdn.jtvnw.net/cf_vods/d2nvs31859zcd8/d6b67f698d_khamski_23539575824_539894379/thumb/thumb0-%{width}x%{height}.jpg', 'public', 36, 'en', 'highlight', '1h38m24s', 1170);
INSERT INTO stream (id, user_id, channel_id, user_name, title, description, created_at, published_at, url, thumbnail_url, viewable, view_count, language, type, duration, game_id) VALUES ('44869831', '26027047', '26027047', 'Khamski', 'CWT''14. Quarter-finals. Kayz - Random00.', '...', '2014-11-13T20:18:33Z', '2014-11-13T20:18:32.854572Z', 'https://www.twitch.tv/videos/44869831', 'https://static-cdn.jtvnw.net/cf_vods/d2nvs31859zcd8/0f1b3f175f/khamski_11777095648_11777095648/thumb/thumb0-%{width}x%{height}.jpg', 'public', 21, 'ru', 'highlight', '1h24m30s', 1078);
INSERT INTO stream (id, user_id, channel_id, user_name, title, description, created_at, published_at, url, thumbnail_url, viewable, view_count, language, type, duration, game_id) VALUES ('22254027', '77989017', '77989017', 'MrTPenguin', 'CWT 2015, Group E, Tita vs CoolMan, Round 1', 'There was a disconnection and then technical problems after round one, so only that one was streamed.', '2015-10-24T20:00:21Z', '2015-10-24T20:00:21.25704Z', 'https://www.twitch.tv/videos/22254027', 'https://static-cdn.jtvnw.net/cf_vods/d2nvs31859zcd8/08b90ee643_mrtpenguin_17213959408_332922554//thumb/thumb22254027-%{width}x%{height}.jpg', 'public', 13, 'en', 'highlight', '31m56s', 1116);
INSERT INTO stream (id, user_id, channel_id, user_name, title, description, created_at, published_at, url, thumbnail_url, viewable, view_count, language, type, duration, game_id) VALUES ('25774995', '77989017', '77989017', 'MrTPenguin', 'CWT 2015, Knockouts, NickyNick vs Kano', 'No commentary in the first half of the video. My keyboard stopped working near the end.', '2015-11-14T18:17:23Z', '2015-11-14T18:17:22.843673Z', 'https://www.twitch.tv/videos/25774995', 'https://static-cdn.jtvnw.net/cf_vods/d2nvs31859zcd8/95dae1e308_mrtpenguin_17705324640_348596604//thumb/thumb25774995-%{width}x%{height}.jpg', 'public', 15, 'en', 'highlight', '1h17m28s', 1137);
INSERT INTO stream (id, user_id, channel_id, user_name, title, description, created_at, published_at, url, thumbnail_url, viewable, view_count, language, type, duration, game_id) VALUES ('45398546', '45204800', '45204800', 'WormyKayz', 'CWT 2014 chuvash vs. Akt', 'CWT 2014 game', '2014-10-14T19:25:58Z', '2014-10-14T19:25:57.956632Z', 'https://www.twitch.tv/videos/45398546', 'https://static-cdn.jtvnw.net/cf_vods/d2nvs31859zcd8/4ed6210404/wormykayz_11380716208_11380716208/thumb/thumb0-%{width}x%{height}.jpg', 'public', 21, 'de', 'highlight', '1h1m51s', 1041);
INSERT INTO stream (id, user_id, channel_id, user_name, title, description, created_at, published_at, url, thumbnail_url, viewable, view_count, language, type, duration, game_id) VALUES ('100252395', '26027047', '26027047', 'Khamski', 'CWT''16 | GROUP E | BYTOR - TADE', '', '2016-11-10T20:53:37Z', '2016-11-10T20:53:37Z', 'https://www.twitch.tv/videos/100252395', 'https://static-cdn.jtvnw.net/cf_vods/d2nvs31859zcd8/039ace2e6f_khamski_23627718832_545403317/thumb/thumb0-%{width}x%{height}.jpg', 'public', 40, 'en', 'highlight', '57m31s', 1191);
INSERT INTO stream (id, user_id, channel_id, user_name, title, description, created_at, published_at, url, thumbnail_url, viewable, view_count, language, type, duration, game_id) VALUES ('43191087', '26027047', '26027047', 'Khamski', 'CWT''14. Round of 16. FaD - Tomek [part 2]', 'Part 2', '2014-11-22T10:12:56Z', '2014-11-22T10:12:55.527834Z', 'https://www.twitch.tv/videos/43191087', 'https://static-cdn.jtvnw.net/cf_vods/d2nvs31859zcd8/4fd8debd91/khamski_11823307280_11823307280/thumb/thumb0-%{width}x%{height}.jpg', 'public', 5, 'en', 'highlight', '1h40m6s', 1074);
INSERT INTO stream (id, user_id, channel_id, user_name, title, description, created_at, published_at, url, thumbnail_url, viewable, view_count, language, type, duration, game_id) VALUES ('101504679', '26027047', '26027047', 'Khamski', 'CWT''16 |  PLAYOFFS | 1/8 STAGE| TITA - TANER', '', '2016-11-16T23:35:47Z', '2016-11-16T23:35:47Z', 'https://www.twitch.tv/videos/101504679', 'https://static-cdn.jtvnw.net/cf_vods/d2nvs31859zcd8/84eaa07ee5_khamski_23679373952_548631762//thumb/thumb101504679-%{width}x%{height}.jpg', 'public', 33, 'en', 'highlight', '2h13m38s', 1204);
INSERT INTO stream (id, user_id, channel_id, user_name, title, description, created_at, published_at, url, thumbnail_url, viewable, view_count, language, type, duration, game_id) VALUES ('25295237', '45204800', '45204800', 'WormyKayz', 'CWT 2015 MIGHTYtaner vs. AKT', 'Playoff Last Sixteen', '2015-11-11T21:50:33Z', '2015-11-11T21:50:32.899989Z', 'https://www.twitch.tv/videos/25295237', 'https://static-cdn.jtvnw.net/cf_vods/d2nvs31859zcd8/e0d1c6f5fe_wormykayz_17654971632_346930974/thumb/thumb0-%{width}x%{height}.jpg', 'public', 27, 'en', 'highlight', '1h39m47s', 1140);
INSERT INTO stream (id, user_id, channel_id, user_name, title, description, created_at, published_at, url, thumbnail_url, viewable, view_count, language, type, duration, game_id) VALUES ('45201039', '45204800', '45204800', 'WormyKayz', 'CWT 2014 Khamski vs. FaD', 'Group Phase', '2014-10-26T21:59:20Z', '2014-10-26T21:59:20.301124Z', 'https://www.twitch.tv/videos/45201039', 'https://static-cdn.jtvnw.net/cf_vods/d2nvs31859zcd8/4f118a7c91/wormykayz_11518759104_11518759104/thumb/thumb0-%{width}x%{height}.jpg', 'public', 11, 'de', 'highlight', '1h27m29s', 1061);
INSERT INTO stream (id, user_id, channel_id, user_name, title, description, created_at, published_at, url, thumbnail_url, viewable, view_count, language, type, duration, game_id) VALUES ('45343288', '45204800', '45204800', 'WormyKayz', 'CWT 2014 TerRor vs. Kilobyte', 'Group phase', '2014-10-18T22:28:17Z', '2014-10-18T22:28:16.910176Z', 'https://www.twitch.tv/videos/45343288', 'https://static-cdn.jtvnw.net/cf_vods/d2nvs31859zcd8/3e22042e9f/wormykayz_11427551424_11427551424/thumb/thumb0-%{width}x%{height}.jpg', 'public', 22, 'de', 'highlight', '1h58m6s', 1045);
INSERT INTO stream (id, user_id, channel_id, user_name, title, description, created_at, published_at, url, thumbnail_url, viewable, view_count, language, type, duration, game_id) VALUES ('28879095', '25468719', '25468719', 'DocOne42', 'CWT 2015 SF: FaD vs Kayz', 'Semifinal between FaD and Kayz in Crespo''s Worms Tournament 2015.
Commentators: Mablak, TheWalrus and DarkOne.', '2015-12-08T09:53:37Z', '2015-12-08T09:53:37.489134Z', 'https://www.twitch.tv/videos/28879095', 'https://static-cdn.jtvnw.net/cf_vods/d2nvs31859zcd8/2c0a4408cb_docone42_18087572192_360056349//thumb/thumb28879095-%{width}x%{height}.jpg', 'public', 61, 'en', 'highlight', '2h53m9s', 1148);
INSERT INTO stream (id, user_id, channel_id, user_name, title, description, created_at, published_at, url, thumbnail_url, viewable, view_count, language, type, duration, game_id) VALUES ('45180159', '45204800', '45204800', 'WormyKayz', 'CWT 2014 Random00 vs. Lacoste', 'Group Phase', '2014-10-27T20:49:09Z', '2014-10-27T20:49:08.575911Z', 'https://www.twitch.tv/videos/45180159', 'https://static-cdn.jtvnw.net/cf_vods/d2nvs31859zcd8/e829f0628e/wormykayz_11529158576_11529158576/thumb/thumb0-%{width}x%{height}.jpg', 'public', 15, 'de', 'highlight', '1h25m40s', 1063);
INSERT INTO stream (id, user_id, channel_id, user_name, title, description, created_at, published_at, url, thumbnail_url, viewable, view_count, language, type, duration, game_id) VALUES ('31324165', '25468719', '25468719', 'DocOne42', 'CWT 2015 finals: chuvash vs Kayz', 'The final match of Crespo''s Worms Tournament between Kayz and chuvash.
Commentators: Mablak, TheWalrus and DarkOne.', '2015-12-22T22:37:51Z', '2015-12-22T22:37:50.857884Z', 'https://www.twitch.tv/videos/31324165', 'https://static-cdn.jtvnw.net/cf_vods/d2nvs31859zcd8/dd8ee82763_docone42_18383272016_368139623//thumb/thumb31324165-%{width}x%{height}.jpg', 'public', 168, 'en', 'highlight', '2h46m22s', 1150);
INSERT INTO stream (id, user_id, channel_id, user_name, title, description, created_at, published_at, url, thumbnail_url, viewable, view_count, language, type, duration, game_id) VALUES ('45108677', '45204800', '45204800', 'WormyKayz', 'CWT 2014 Khamski vs. Bytor', 'Group Phase', '2014-10-30T22:56:45Z', '2014-10-30T22:56:45.330813Z', 'https://www.twitch.tv/videos/45108677', 'https://static-cdn.jtvnw.net/cf_vods/d2nvs31859zcd8/6b48c9858d/wormykayz_11555120816_11555120816/thumb/thumb0-%{width}x%{height}.jpg', 'public', 17, 'de', 'highlight', '1h38m52s', 1065);
INSERT INTO stream (id, user_id, channel_id, user_name, title, description, created_at, published_at, url, thumbnail_url, viewable, view_count, language, type, duration, game_id) VALUES ('27193892', '45204800', '45204800', 'WormyKayz', 'CWT 2015 FaD vs. Jakk0', '', '2015-11-22T21:36:46Z', '2015-11-22T21:36:46.330857Z', 'https://www.twitch.tv/videos/27193892', 'https://static-cdn.jtvnw.net/cf_vods/d2nvs31859zcd8/085beec82f_wormykayz_17842577792_352882321/thumb/thumb0-%{width}x%{height}.jpg', 'public', 24, 'en', 'highlight', '1h13m10s', 1139);
INSERT INTO stream (id, user_id, channel_id, user_name, title, description, created_at, published_at, url, thumbnail_url, viewable, view_count, language, type, duration, game_id) VALUES ('44948041', '45204800', '45204800', 'WormyKayz', 'CWT 2014 Playoff TerRoR vs. lacoste ', 'Playoff phase', '2014-11-08T20:47:46Z', '2014-11-08T20:47:46.039039Z', 'https://www.twitch.tv/videos/44948041', 'https://static-cdn.jtvnw.net/cf_vods/d2nvs31859zcd8/e1d221ce46/wormykayz_11703801648_11703801648/thumb/thumb0-%{width}x%{height}.jpg', 'public', 15, 'de', 'highlight', '1h45m19s', 1071);
INSERT INTO stream (id, user_id, channel_id, user_name, title, description, created_at, published_at, url, thumbnail_url, viewable, view_count, language, type, duration, game_id) VALUES ('45328472', '45204800', '45204800', 'WormyKayz', 'CWT 2014 Bytor vs. FaD', 'Group stage', '2014-10-19T19:28:18Z', '2014-10-19T19:28:17.528037Z', 'https://www.twitch.tv/videos/45328472', 'https://static-cdn.jtvnw.net/cf_vods/d2nvs31859zcd8/519a178dad/wormykayz_11439061472_11439061472/thumb/thumb0-%{width}x%{height}.jpg', 'public', 13, 'de', 'highlight', '1h0m34s', 1049);
INSERT INTO stream (id, user_id, channel_id, user_name, title, description, created_at, published_at, url, thumbnail_url, viewable, view_count, language, type, duration, game_id) VALUES ('27193485', '45204800', '45204800', 'WormyKayz', 'CWT 2015 FaD vs. taner', 'Playoff phase', '2015-11-22T21:34:15Z', '2015-11-22T21:34:15.4787Z', 'https://www.twitch.tv/videos/27193485', 'https://static-cdn.jtvnw.net/cf_vods/d2nvs31859zcd8/ddbf5c0e7a_wormykayz_17844247504_352935558//thumb/thumb27193485-%{width}x%{height}.jpg', 'public', 35, 'ar', 'highlight', '1h53m34s', 1144);
INSERT INTO stream (id, user_id, channel_id, user_name, title, description, created_at, published_at, url, thumbnail_url, viewable, view_count, language, type, duration, game_id) VALUES ('94364601', '45204800', '45204800', 'WormyKayz', 'CWT 2016 Qualifiers Kilobyte vs. Asbest', 'WA game', '2016-10-11T21:12:16Z', '2016-10-11T21:12:16Z', 'https://www.twitch.tv/videos/94364601', 'https://static-cdn.jtvnw.net/cf_vods/d2nvs31859zcd8/830899b04e_wormykayz_23386012272_530296657/thumb/thumb0-%{width}x%{height}.jpg', 'public', 19, 'en', 'highlight', '1h59m52s', NULL);
INSERT INTO stream (id, user_id, channel_id, user_name, title, description, created_at, published_at, url, thumbnail_url, viewable, view_count, language, type, duration, game_id) VALUES ('45291920', '45204800', '45204800', 'WormyKayz', 'CWT 2014 chuvash vs. Tade', 'Group phase', '2014-10-21T20:26:51Z', '2014-10-21T20:26:50.903687Z', 'https://www.twitch.tv/videos/45291920', 'https://static-cdn.jtvnw.net/cf_vods/d2nvs31859zcd8/9c7eafc43a/wormykayz_11459467776_11459467776/thumb/thumb0-%{width}x%{height}.jpg', 'public', 26, 'de', 'highlight', '1h52m52s', 1053);
INSERT INTO stream (id, user_id, channel_id, user_name, title, description, created_at, published_at, url, thumbnail_url, viewable, view_count, language, type, duration, game_id) VALUES ('23567539', '45204800', '45204800', 'WormyKayz', 'CWT 2015 WorldMaster vs. Khamski', 'Group Phase', '2015-11-01T23:16:55Z', '2015-11-01T23:16:54.859127Z', 'https://www.twitch.tv/videos/23567539', 'https://static-cdn.jtvnw.net/cf_vods/d2nvs31859zcd8/ae8a800fe6_wormykayz_17433680896_339844525/thumb/thumb0-%{width}x%{height}.jpg', 'public', 20, 'en', 'highlight', '1h39m4s', 1124);

